0,10824.324,11721.142,6815.211,3227.107,5296.186,7576.794,3237.994131
1,10836.313,11733.605,6816.86,94.906,5151.853,6926.7074,4200.641985
2,11033.252,10528.916,1233.228,77.368,5009.519,5576.4566,4554.744746
3,11033.252,10549.433,1232.528,29.855,4869.185,5542.8506,4574.630075
4,3185.95,10664.033,1517.117,222.435,4730.851,4064.0772,3633.74001
5,3299.678,8596.688,1163.571,26.657,3457.513,3308.8214,2944.772602
6,831.657,9676.965,1162.891,23.723,3469.257,3032.8986,3513.731856
7,825.914,8594.835,927.799,24.518,3481.02,2770.8172,3135.126638
8,836.13,8698.296,5760.753,24.438,4758.358,4015.595,3211.332865
9,352.634,9674.999,5760.753,33.468,3474.265,3859.2238,3592.208992
10,79.354,7613.458,906.413,403.218,140.979,1828.6844,2907.048364
11,76.315,7596.033,906.413,34.481,244.302,1771.5088,2929.05381
12,60.337,7605.369,1605.753,45.711,119,1887.234,2919.990086
13,46.359,7614.713,1605.753,84.829,287.501,1927.831,2900.746004
14,48.698,1908.928,908.535,34.118,55.432,591.1422,738.7563458
15,50.041,1997.129,929.957,84.179,19.597,616.1806,770.0553037
16,64.569,1938.464,25.981,235.718,19.364,456.8192,744.9840106
17,2.228,1136.919,220.026,235.718,187.209,356.42,399.1078352
18,2.071,1130.209,14.235,45.278,20.053,242.3692,444.1435314
19,2.123,1123.519,15.163,24.958,20.123,237.1772,443.2362988
20,1.605,1122.851,8.69,25.04,14.118,234.4608,444.2610598
21,1.663,1116.183,8.736,25.868,12.514,232.9928,441.665281
22,158.044,1115.518,17.651,22.254,2063.509,675.3952,805.9083229
23,1.656,1108.872,17.768,21.515,17.854,233.533,437.7234073
24,1.733,1176.232,192.319,194.34,18.498,316.6244,437.5766166
25,1.829,902.757,18.977,21.443,12.958,191.5928,355.6465604
26,2.103,72.844,196.612,451.05,11.515,146.8248,167.1873427
27,2.086,57.159,196.612,194.067,11.913,92.3674,86.10809296
28,2.035,55.455,17.033,21.186,37.777,26.6972,18.33994125
29,1.815,55.288,25.288,14.993,11.775,21.8318,18.32944806
30,1.815,823.951,25.288,14.808,439.125,260.9974,326.1870188
31,76.306,35.373,16.918,2252.17,439.125,563.9784,858.1494473
32,76.306,35.473,844.318,20.932,37.394,202.8846,321.2411803
33,1.725,34.488,844.318,452.293,11.735,268.9118,333.8275513
34,155.071,26.547,17.105,20.861,11.735,46.2638,54.61782652
35,1.717,27.198,18.286,20.861,11.815,15.9754,8.669090024
36,1.716,27.564,32.005,23.59,12.229,19.4208,11.02032626
37,1.643,27.564,31.9,22.818,154.576,47.7002,54.43884467
38,1.591,26.447,31.9,20.229,12.662,18.5658,10.63653258
39,1.583,37.493,10.778,189.463,14.287,50.7208,70.37292831
40,1.583,26.346,10.83,2338.123,43.803,484.137,927.1039422
41,1.583,26.346,22.466,456.538,7.714,102.9294,177.0398165
42,1.648,21.405,22.315,20.16,7.751,14.6558,8.383202095
43,3.232,104.259,22.23,20.407,7.623,31.5502,37.07300361
44,3.258,21.366,37.385,20.656,1651.045,346.742,652.2408985
45,3.255,31.91,22.381,7.74,95.785,32.2142,33.39357035
46,90.855,3.917,10.871,8.453,9.807,24.7806,33.12217484
47,1.655,3.988,17.992,14.613,9.807,9.611,6.167911251
48,1.655,100.199,199.201,14.119,9.807,64.9962,76.0218526
49,1.65,3.96,17.968,44.805,7.515,15.1796,15.83107762
50,1.657,3.966,18.05,162.543,15.16,40.2752,61.4554653
51,107.041,3.955,18.026,162.543,15.105,61.334,62.66968083
52,107.041,3.956,27.156,12.505,15.291,33.1898,37.66496924
53,1.644,3.969,19.637,17.654,21.765,12.9338,8.402743538
54,1.641,4.738,204.377,18.279,21.027,50.0124,77.54373663
55,1.755,7.508,34.896,18.279,14.753,15.4382,11.28949652
56,1.753,7.564,47.422,17.437,14.753,17.7858,15.80607326
57,3.141,15.005,47.514,19.719,15.848,20.2454,14.71878433
58,6.529,4.763,62.056,187.448,15.791,55.3174,69.28534595
59,6.529,4.921,317.479,187.448,47.217,112.7188,122.2279166
60,3.153,823.367,350.116,14.434,172.335,272.681,302.8720606
61,6.535,89.412,62.044,16.344,22.446,39.3562,31.34666414
62,154.292,4.89,62.18,15.787,7.423,48.9144,56.63483632
63,6.579,4.859,78.741,13.947,7.405,22.3062,28.38506031
64,6.623,4.721,62.196,2237.514,7.335,463.6778,887.1833729
65,6.625,5.019,78.758,8.693,7.335,21.286,28.76040697
66,6.626,121.382,78.758,9.393,7.339,44.6996,47.18502842
67,7.213,121.382,358.019,9.314,7.341,100.6538,135.9764136
68,7.682,5.036,358.019,9.289,7.334,77.472,140.2800755
69,155.574,5.002,47.62,9.263,1717.688,387.0294,667.544012
70,7.671,12.026,47.484,9.526,7.348,16.811,15.42652487
71,8.159,4.382,282.889,8.794,8.583,62.5614,110.1756017
72,8.277,100.587,47.471,9.011,8.37,34.7432,36.20926519
73,8.277,4.443,47.358,86.276,23.215,33.9138,30.20855637
74,8.148,4.453,47.348,86.276,53.652,39.9754,30.52859142
75,8.148,66.588,282.518,7.738,16.12,76.2224,105.4393017
76,114.672,4.582,47.459,8.464,16.12,38.2594,41.07457667
77,4.174,4.479,47.597,8.464,7.334,14.4096,16.67454417
78,94.326,4.467,47.462,528.62,7.334,136.4418,198.7868496
79,94.326,4.615,62.001,7.775,106.979,55.1392,42.58196023
80,4.166,6.086,47.446,7.781,8.299,14.7556,16.40912291
81,94.678,67.098,47.609,7.793,1801.253,403.6862,699.3558526
82,2.184,67.098,35.046,7.796,8.279,24.0806,24.35190568
83,2.096,6.85,19.409,7.779,8.095,8.8458,5.706592237
84,2.096,4.597,19.423,530.869,125.54,136.505,202.3941156
85,92.364,4.797,23.489,8.849,24.686,30.837,31.74571901
86,2.18,92.589,33.21,9.066,7.597,28.9284,33.57387244
87,111.964,4.727,33.317,131.766,7.558,57.8664,53.56324335
88,2.092,4.742,35.397,8.986,7.568,11.757,12.05568921
89,2.089,4.562,35.397,9.009,118.352,33.8818,43.87846739
90,2.054,4.573,1161.964,131.249,8.053,261.5786,452.8487163
91,147.418,4.449,31.328,9.241,125.072,63.5016,60.4970068
92,94.638,757.104,31.134,1967.003,8.036,571.583,750.8344549
93,2.047,757.104,11.791,133.481,8.036,182.4918,291.449877
94,94.83,66.989,10.002,29.564,10.839,42.4448,33.35866846
95,3.769,97.048,51.426,10.205,11.224,34.7344,35.4256422
96,2.04,8.115,7.345,10.175,11.224,7.7798,3.188924922
97,2.338,4.44,7.848,11.359,10.475,7.292,3.454189746
98,115.322,4.558,3.719,11.359,10.13,29.0176,43.25577011
99,115.322,4.568,11.52,12.774,143.576,57.552,59.44547088
100,2.338,4.584,3.7,148.671,10.241,33.9068,57.44520553
101,2.326,4.6,3.7,11.322,10.207,6.431,3.628829122
102,2.197,8.851,3.738,10.961,7.82,6.7134,3.258431439
103,116.109,8.916,135.146,10.619,7.773,55.7126,57.40897134
104,83.604,8.278,1.597,10.298,7.786,22.3126,30.78348426
105,2.17,16.203,1.609,9.997,7.786,7.553,5.388093355
106,1.789,26.491,18.147,139.109,7.786,38.6644,50.93435727
107,91.221,45.175,802.238,484.219,7.834,286.1374,309.5494187
108,146.979,45.175,18.034,9.716,1779.451,399.871,691.5236816
109,146.979,37.619,800.297,8.005,12.258,201.0316,303.8549395
110,4.551,37.13,1.601,7.944,11.802,12.6056,12.72635286
111,4.555,30.102,227.796,7.903,10.627,56.1966,86.25890948
112,8.937,30.102,90.106,7.881,7.758,28.9568,31.73297024
113,4.903,25.537,1.682,17.482,7.955,11.5118,8.778400251
114,138.375,36.452,1.818,547.568,11.024,147.0474,206.0666145
115,64.064,49.026,217.208,7.874,11.44,69.9224,76.72577586
116,4.512,49.026,1.809,20.376,8.233,16.7912,17.32293843
117,4.859,49.026,1.359,7.916,8.171,14.2662,17.55455168
118,4.824,31.985,1.358,7.864,8.153,10.8368,10.85622493
119,4.955,21.851,1.352,18.638,10.906,11.5404,7.800741621
120,94.225,30.502,1.352,18.702,10.906,31.1374,32.95927117
121,94.225,249.164,27.068,485.4,8.094,172.7902,177.8145848
122,2.447,249.164,1.471,19.355,8.094,56.1062,96.73825615
123,2.608,22.774,1.446,19.289,8.339,10.8912,8.672495728
124,2.608,23.748,1.717,19.96,8.544,11.3154,8.999193377
125,2.276,33.389,2.081,188.073,8.544,46.8726,71.53123258
126,2.272,14.288,124.455,477.098,127.864,149.1954,172.2635906
127,2.437,14.199,124.455,477.098,8.358,125.3094,181.5911489
128,1.97,13.314,4.445,20.028,11.331,10.2176,6.456270087
129,46.315,355.211,4.445,58.367,16.303,96.1282,131.0030779
130,1.965,22.677,2.084,14.197,15.716,11.3278,8.116684185
131,4.342,22.677,2.098,14.197,1983.675,405.3978,789.1728176
132,4.226,22.677,1.683,14.245,349.707,78.5076,135.8054693
133,4.226,15.19,1.635,162.758,173.441,71.45,79.11725848
134,70.574,35.191,1.637,13.77,173.441,58.9226,61.86081983
135,70.574,35.191,71.442,160.283,15.904,70.6788,49.57654441
136,4.452,14.445,131.306,2269.763,6.903,485.3738,893.4654826
137,2.021,14.371,97.749,10.119,15.318,27.9156,35.23097714
138,116.336,14.371,1.859,10.021,6.961,29.9096,43.40507233
139,2.466,23.76,1.877,572.641,7.004,121.5496,225.6853502
140,2.434,188.001,1.882,9.773,6.999,41.8178,73.15011665
141,2.43,14.356,1.887,9.864,18.491,9.4056,6.518426577
142,2.463,41.038,1.889,12.617,13.312,14.2638,14.23285084
143,2.492,34.149,1.884,32.365,12.798,16.7376,14.04606337
144,2.489,15.099,1.886,10.908,12.849,8.6462,5.44112692
145,92.834,35.281,1.903,10.876,18.909,31.9606,32.3572552
146,2.064,8.568,106.966,10.994,33.042,32.3268,38.74771654
147,2.079,8.634,2.396,569.201,33.042,123.0704,223.3537752
148,1.516,7.973,1.963,143.066,8.789,32.6614,55.28293042
149,30.141,7.331,1.962,11.324,8.758,11.9032,9.618498581
150,1.511,7.331,109.042,11.675,8.758,27.6634,40.82370423
151,2.074,7.908,1.955,147.747,7.059,33.3486,57.25210886
152,2.504,8.447,1.955,38.597,7.355,11.7716,13.65588116
153,1.717,9.131,114.035,38.597,7.495,34.195,41.92783749
154,113.248,9.832,1.946,12.046,421.904,111.7952,160.3638502
155,1.748,364.932,109.713,12.008,7.48,99.1762,138.7342148
156,1.748,9.062,109.166,16.795,92.719,45.898,45.49317283
157,1.935,8.38,1.944,8.175,92.719,22.6306,35.15870039
158,2.301,14.846,2.071,8.164,92.719,24.0202,34.66583671
159,2.251,8.313,2.07,97.476,92.719,40.5658,44.60699667
160,2.186,379.771,157.901,8.577,92.719,128.2308,138.2882529
161,2.186,14.755,2.285,8.577,94.394,24.4394,35.2847861
162,50.799,3.87,99.288,8.153,7.235,33.869,36.9780829
163,50.799,9.057,222.098,574.96,7.139,172.8106,216.0104344
164,2.205,9.116,3.017,8.184,116.178,27.74,44.30312249
165,1.885,4.417,88.9,21.742,116.178,46.6244,46.96198885
166,2.624,4.057,3.029,97.029,116.178,44.5834,51.00211018
167,2.625,4.021,3.041,8.613,9.043,5.4686,2.783466731
168,2.625,1.294,3.168,11.393,8.221,5.3402,3.831393866
169,65.243,1.148,16.759,8.444,8.244,19.9676,23.17140676
170,65.243,10.947,196.479,92.637,11.576,75.3764,68.24674712
171,65.243,1.162,16.838,11.025,34.616,25.7768,22.53494409
172,65.243,1.175,36.918,11.025,1750.54,372.9802,689.138834
173,65.243,1.326,16.944,8.083,1750.54,368.4272,691.4200061
174,65.243,1.343,17.024,98.927,8.488,38.205,37.70611786
175,65.243,461.755,17.838,570.823,6.956,224.523,241.5064881
176,65.243,10.413,17.92,570.823,112.271,155.334,210.9438897
177,65.243,10.358,31.628,570.823,112.271,158.0646,209.2299469
178,65.243,1.33,19.031,8.143,112.271,41.2036,41.95950318
179,65.243,1.178,18.003,97.855,6.913,37.8384,37.54147776
180,65.243,1.192,35.219,97.855,6.91,41.2838,36.33190413
181,65.243,474.729,17.894,8.05,6.889,114.561,181.3480714
182,65.243,3.268,27.146,8.029,6.89,22.1152,23.11173198
183,65.243,72.513,200.414,569.08,6.89,182.828,203.199255
184,65.243,72.513,35.374,100.409,108.004,76.3086,26.06884432
185,65.243,72.513,3.408,7.963,108.004,51.4262,40.0784277
186,65.243,10.726,3.408,18.407,381.401,95.837,144.4058158
187,65.243,1.067,3.567,7.94,381.401,91.8436,146.7133553
188,65.243,2.894,3.741,1919.969,11.876,400.7446,759.9631369
189,65.243,445.775,3.964,7.939,7.74,106.1322,171.3420141
190,65.243,131.169,3.941,108.819,7.79,63.3924,51.54951806
191,65.243,131.169,6.791,8.851,7.609,43.9326,48.97743084
192,65.243,0.835,343.267,7.949,7.627,84.9842,131.2245145
193,65.243,0.832,16.534,7.96,7.673,19.6484,23.33517879
194,65.243,0.832,3.755,7.993,10.46,17.6566,24.02483436
195,65.243,3.354,333.345,7.988,89.809,99.9478,121.2999904
196,65.243,99.817,3.776,112.013,89.809,74.1316,38.3912458
197,65.243,0.863,3.798,8.586,7.505,17.199,24.17782057
198,65.243,0.858,3.798,8.756,7.173,17.1656,24.19355437
199,65.243,3.852,81.876,605.735,7.173,152.7758,228.5779006
200,65.243,26.592,81.876,8.738,413.932,119.2762,149.632521
201,65.243,26.592,3.624,8.738,413.932,103.6258,156.6533996
202,65.243,3.795,3.841,7.948,7.489,17.6632,23.85421141
203,65.243,13.034,19.671,7.956,7.489,22.6786,21.73141051
204,65.243,0.854,126.561,8.778,7.489,41.785,48.32860926
205,65.243,97.502,3.859,7.954,7.489,36.4094,38.12954269
206,65.243,2.189,4.098,7.954,1509.489,317.7946,596.3105739
207,65.243,2.166,128.954,7.954,7.356,42.3346,49.08515007
208,65.243,79.014,128.954,7.955,7.342,57.7016,46.04087127
209,65.243,2.524,3.877,8.865,93.678,34.8374,37.58719056
210,65.243,128.632,4.069,7.955,93.678,59.9154,48.39208852
211,65.243,76.417,4.069,8.884,93.678,49.6582,36.43507295
212,65.243,6.135,7.177,128.182,9.709,43.2892,47.96021732
213,65.243,0.914,3.7,128.182,7.379,41.0836,49.63252616
214,65.243,4.364,2.541,565.046,93.124,146.0636,212.3950732
215,65.243,4.326,2.505,7.958,93.124,34.6312,37.47118205
216,65.243,1.559,2.507,9.087,7.531,17.1854,24.19902578
217,65.243,0.793,4.48,109.255,91.277,54.2096,44.38939151
218,65.243,51.044,112.235,7.981,91.277,65.556,35.68214013
219,65.243,98.46,2.509,7.977,9.804,36.7986,38.33114103
220,65.243,0.797,2.519,7.977,6.953,16.6978,24.41935189
221,65.243,51.003,92.499,8.651,370.517,117.5826,129.3393738
222,65.243,51.003,2.499,8.494,370.517,99.5512,137.5986833
223,65.243,717.745,2.499,8.165,6.947,160.1198,279.7656002
224,65.243,717.745,2.499,21.047,7.013,162.7094,278.4030148
225,65.243,717.745,2.529,8.064,6.987,160.1136,279.7688159
226,65.243,0.826,2.79,8.063,6.994,16.7832,24.3748412
227,65.243,712.402,43.4,9.147,7.278,167.494,273.3211501
228,65.243,0.831,142.861,8.072,7.416,44.8846,54.24688486
229,65.243,52.596,2.767,9.225,7.416,27.4494,26.08982343
230,65.243,0.839,2.946,9.225,7.265,17.1036,24.2538536
231,65.243,709.903,145.899,8.081,94.622,204.7496,256.4808252
232,65.243,52.553,5.834,8.081,7.253,27.7928,25.72241173
233,65.243,52.553,2.975,8.056,7.138,27.193,26.25212913
234,65.243,52.553,3.095,8.064,401.409,106.0728,149.6429516
235,65.243,0.8,3.1,8.88,7.149,17.0344,24.27347414
236,65.243,0.88,2.857,13.266,9.213,18.2918,23.88933773
237,65.243,3.456,3.088,8.898,96.506,35.4382,38.44835776
238,65.243,103.67,3.112,127.259,7.084,61.2736,49.97312947
239,65.243,0.806,1.684,127.259,7.118,40.422,49.67084281
240,65.243,104.013,105.964,127.259,6.863,81.8684,42.50529795
241,65.243,0.848,1.737,538.277,7.455,122.712,209.173094
242,65.243,0.842,1.763,13.218,7.498,17.7128,24.17720121
243,65.243,0.903,2.113,9.696,8.015,17.194,24.25701419
244,65.243,0.983,2.313,11.735,7.956,17.646,24.11251496
245,65.243,697.877,115.813,8.062,7.748,178.9486,262.5694679
246,65.243,1.083,2.843,8.062,7.56,16.9582,24.29053847
247,65.243,1.165,1.963,8.062,7.578,16.8022,24.38323993
248,65.243,1.177,118.913,8.968,7.578,40.3758,45.57446857
249,65.243,1.199,1.964,9.168,7.543,17.0234,24.30601687
250,65.243,0.91,2.039,9.388,89.985,33.513,36.96339701
251,65.243,0.922,2.134,9.473,7.59,17.0724,24.29841439
252,65.243,0.829,2.144,10.455,6.776,17.0894,24.31837275
253,65.243,0.825,2.151,9.497,7.962,17.1356,24.27920506
254,65.243,0.875,2.151,12.89,11.148,18.4614,23.86778175
255,65.243,0.808,2.143,10.486,7.894,17.3148,24.22871973
256,65.243,2.771,2.255,14.562,7.692,18.5046,23.78457533
257,65.243,2.731,2.256,10.792,7.692,17.7428,23.96162062
258,65.243,0.979,2.258,15.372,6.766,18.1236,24.09339664
259,65.243,1.064,2.25,11.996,6.764,17.4634,24.19771749
260,65.243,1.05,2.25,11.953,6.764,17.452,24.20156373
261,65.243,1.05,2.248,9.521,6.781,16.9686,24.33010286
262,65.243,1.05,2.248,9.521,6.781,16.9686,24.33010286
263,65.243,1.059,2.344,9.521,6.767,16.9868,24.31851034
264,65.243,1.164,2.318,12.934,16.25,19.5818,23.56901979
265,65.243,1.02,2.318,30.841,6.767,21.2378,24.51449122
266,65.243,1.011,3.035,8.109,6.772,16.834,24.33754499
267,65.243,1,3.023,8.16,6.785,16.8422,24.33561546
268,65.243,4.514,3.023,8.188,6.785,17.5506,23.91286491
269,65.243,2.808,3.048,9.868,6.78,17.5494,23.98859245
270,65.243,1.131,3.06,8.13,6.78,16.8688,24.31696956
271,65.243,1.535,2.348,8.125,7.898,17.0298,24.26042855
272,65.243,1.12,2.351,8.105,11.016,17.567,24.11421359
273,65.243,1.046,3.073,8.105,7.877,17.0688,24.24130764
274,65.243,0.927,5.434,8.105,7.934,17.5286,23.99757082
275,65.243,1.292,2.954,8.105,6.778,16.8744,24.31028532
276,65.243,1.292,2.954,17.157,6.778,18.6848,23.92379404
277,65.243,2.342,2.954,8.03,7.622,17.2382,24.11496721
278,65.243,0.917,2.847,8.014,7.604,16.925,24.31198155
279,65.243,1.032,2.752,20.494,7.111,19.3264,23.951239
280,65.243,1.032,2.668,8.013,7.123,16.8158,24.35537701
281,65.243,0.988,2.309,8.018,7.123,16.7362,24.40278744
282,65.243,0.885,2.358,8.017,6.866,16.6738,24.43083564
283,65.243,2.557,2.774,8.017,8.621,17.4424,24.03451566
284,65.243,0.877,2.76,8.017,9.447,17.2688,24.19709325
285,65.243,1.398,2.853,8.035,8.906,17.287,24.15127027
286,65.243,3.918,2.844,8.039,8.593,17.7274,23.86315036
287,65.243,6.303,2.834,8.684,12.328,19.0784,23.28893781
288,65.243,1.2,2.181,8.684,8.33,17.1276,24.25231188
289,65.243,3.424,2.188,8.219,8.355,17.4858,24.0072995
290,65.243,3.424,2.196,8.188,6.8,17.1702,24.13462138
291,65.243,1.183,2.154,10.158,6.755,17.0986,24.28865016
292,65.243,1.376,2.161,10.158,15.109,18.8094,23.77272197
293,65.243,1.237,2.785,8.228,6.751,16.8488,24.33023272
294,65.243,1.073,2.785,8.198,6.795,16.8188,24.34984873
295,65.243,1.073,2.157,10.188,7.26,17.1842,24.25890485
296,65.243,1.087,2.444,8.7,7.26,16.9468,24.31555553
297,65.243,1.256,2.454,8.544,7.26,16.9514,24.30311267
298,65.243,1.256,2.117,8.529,6.729,16.7748,24.38754592
299,65.243,5.767,2.121,8.529,7.884,17.9088,23.77259636
300,65.243,0.946,2.698,8.395,6.731,16.8026,24.36788346
301,65.243,2.3,2.698,8.407,7.906,17.3108,24.10013176
302,65.243,0.957,2.698,8.407,7.698,17.0006,24.28859384
303,65.243,1.094,2.698,8.407,10.673,17.623,24.07016835
304,65.243,1.883,2.698,8.101,7.511,17.0872,24.2060044
305,65.243,1.883,1.831,8.109,6.736,16.7604,24.3726151
306,65.243,0.864,1.833,8.319,6.748,16.6014,24.48454324
307,65.243,2.304,1.829,8.451,6.786,16.9226,24.29362035
308,65.243,2.329,1.827,8.602,6.786,16.9574,24.28039681
309,65.243,2.366,2.11,8.773,17.02,19.1024,23.70163119
310,65.243,2.366,1.806,8.618,8.031,17.2128,24.17797802
311,65.243,2.366,1.808,8.235,8.031,17.1366,24.20542401
312,65.243,0.926,2.446,8.245,7.304,16.8328,24.3643268
313,65.243,1.085,1.781,8.255,7.319,16.7366,24.42188413
314,65.243,1.104,1.78,8.265,7.483,16.775,24.40630514
315,65.243,1.104,1.801,8.265,19.62,19.2066,23.95787417
316,65.243,3.2,1.796,8.265,7.5,17.2008,24.14678979
317,65.243,1.306,1.797,8.275,7.5,16.8242,24.37638608
318,65.243,1.281,1.602,8.24,7.5,16.7732,24.40615833
319,65.243,1.148,1.62,10.205,7.175,17.0782,24.32237417
320,65.243,3.376,2.602,8.346,7.162,17.3458,24.04738198
321,65.243,1.127,2.879,8.346,7.162,16.9514,24.29159513
322,65.243,1.127,2.879,8.346,7.162,16.9514,24.29159513
323,65.243,1.127,2.582,8.392,7.334,16.9356,24.30936604
324,65.243,1.267,5.544,8.405,6.777,17.4472,24.01473751
325,65.243,1.253,2.534,8.29,7.038,16.8716,24.32958415
326,65.243,1.253,2.554,8.817,7.471,17.0676,24.25606091
327,65.243,1.291,5.506,8.817,7.049,17.5812,23.9606623
328,65.243,1.277,5.506,10.342,7.006,17.8748,23.86249961
329,65.243,7.295,2.529,8.3,7.006,18.0746,23.66761553
330,65.243,1.302,2.847,8.311,7.059,16.9524,24.2834616
331,65.243,1.327,1.601,8.852,6.963,16.7972,24.40116724
332,65.243,7.496,1.601,8.852,8.825,18.4034,23.57208153
333,65.243,7.496,2.672,15.055,8.825,19.8582,23.03376549
334,65.243,7.496,2.672,8.203,6.954,18.1136,23.64366067
335,65.243,7.496,2.672,8.126,6.946,18.0966,23.65088913
336,65.243,1.354,2.351,23.187,6.946,19.8162,24.02700372
337,65.243,1.12,2.347,8.132,6.985,16.7654,24.38416831
338,65.243,1.141,5.075,8.44,7.085,17.3968,24.04950781
339,65.243,1.141,5.075,8.453,7.096,17.4016,24.04759683
340,65.243,1.896,1.919,16.538,6.806,18.4804,23.98385951
341,65.243,3.299,1.919,8.466,6.762,17.1378,24.16647209
342,65.243,1.248,1.33,8.466,6.765,16.6104,24.48626919
343,65.243,1.272,1.33,8.596,6.811,16.6504,24.47095327
344,65.243,1.258,1.33,8.414,6.877,16.6244,24.47952476
345,65.243,1.529,1.316,8.55,6.877,16.703,24.43834417
346,65.243,1.865,2.672,8.565,6.684,17.0058,24.24588943
347,65.243,1.829,1.324,8.58,6.693,16.7338,24.41335537
348,65.243,0.769,3.188,8.08,6.721,16.8002,24.35827742
349,65.243,0.769,1.33,8.08,6.717,16.4278,24.57661789
350,65.243,1.709,1.339,8.08,7.353,16.7448,24.40808892
351,65.243,1.709,1.289,7.972,7.337,16.71,24.42332944
352,65.243,0.769,3.037,7.97,7.32,16.8678,24.33496947
353,65.243,0.77,1.282,8.082,6.725,16.4204,24.58162786
354,65.243,0.77,3.009,8.09,6.725,16.7674,24.37720756
355,65.243,1.87,1.274,8.09,6.725,16.6404,24.44556479
356,65.243,8.21,1.355,7.974,6.725,17.9014,23.80083555
357,65.243,2.274,1.355,7.974,6.964,16.762,24.37586881
358,65.243,1.526,2.982,9.169,6.954,17.1748,24.18855081
359,65.243,1.558,1.214,8.003,6.87,16.5776,24.48555088
360,65.243,1.575,1.173,8.012,7.129,16.6264,24.46767052
361,65.243,0.776,2.029,8.024,7.013,16.617,24.47166266
362,65.243,0.806,5.107,8.018,7.013,17.2374,24.12969471
363,65.243,3.016,5.107,7.977,9.073,18.0832,23.67601318
364,65.243,0.769,1.862,7.974,9.073,16.9842,24.34870104
365,65.243,0.769,1.88,7.974,7.142,16.6016,24.48388056
366,65.243,1.849,1.865,7.974,7.155,16.8172,24.34844429
367,65.243,1.849,1.849,7.971,6.863,16.755,24.37406054
368,65.243,0.774,1.867,9.194,6.801,16.7758,24.43104469
369,65.243,0.774,1.831,8.748,6.795,16.6782,24.46421239
370,65.243,0.778,1.689,8.748,7.295,16.7506,24.44151624
371,65.243,0.775,1.177,8.003,6.791,16.3978,24.59415162
372,65.243,4.677,1.177,8.008,8.271,17.4752,24.02304367
373,65.243,0.803,2.167,8.008,12.755,17.7952,24.10585871
374,65.243,0.852,1.169,8.017,6.849,16.426,24.57989107
375,65.243,5.509,1.168,8.022,6.849,17.3582,24.05447195
376,65.243,0.862,2.28,9.525,6.849,16.9518,24.34505002
377,65.243,0.868,1.168,8.027,8.529,16.767,24.45519095
378,65.243,0.788,1.628,8.504,8.529,16.9384,24.37390105
379,65.243,0.788,1.169,8.489,6.687,16.4752,24.56930837
380,65.243,2.673,1.181,10.947,6.688,17.3464,24.18787683
381,65.243,2.509,1.648,10.947,6.689,17.4072,24.14616535
382,65.243,1.228,1.185,10.947,6.699,17.0604,24.36796433
383,65.243,1.014,2.327,10.947,6.697,17.2456,24.25170178
384,65.243,0.857,2.327,18.788,6.678,18.7786,24.07157646
385,65.243,0.864,1.811,9.55,8.069,17.1074,24.30502357
386,65.243,0.936,1.811,9.55,6.673,16.8426,24.40561583
387,65.243,6.047,1.811,8.016,6.676,17.5586,23.93239663
388,65.243,1.111,2.043,8.007,6.651,16.611,24.45722169
389,65.243,1.09,2.043,8.003,6.65,16.6058,24.4602475
390,65.243,1.09,1.187,19.386,7.516,18.8844,24.11825264
391,65.243,1.09,1.188,9.371,7.516,16.8816,24.40742632
392,65.243,1.214,1.185,9.371,7.516,16.9058,24.39181256
393,65.243,1.191,1.589,7.976,7.516,16.703,24.43664559
394,65.243,2.293,2.029,7.978,7.516,17.0118,24.24522956
395,65.243,2.293,2.029,8.066,6.648,16.8558,24.30921649
396,65.243,1.07,1.982,22.333,6.648,19.4552,24.13361569
397,65.243,0.902,1.202,8.032,14.126,17.901,24.16913466
398,65.243,0.986,1.2,8.032,14.126,17.9174,24.15761591
399,65.243,0.986,1.225,9.507,7.535,16.8992,24.40641859
400,65.243,5.831,1.225,8.386,6.647,17.4664,24.00534189
401,65.243,2.551,2.629,8.265,6.647,17.067,24.19152199
402,65.243,0.967,2.629,8.136,6.664,16.7278,24.39673219
403,65.243,2.863,2.141,8.134,7.937,17.2636,24.11815996
404,65.243,1.159,2.141,8.958,6.661,16.8324,24.3743408
405,65.243,1.159,1.204,8.136,7.915,16.7314,24.44825121
406,65.243,0.951,1.26,8.17,7.408,16.6064,24.50267663
407,65.243,0.951,1.264,8.726,6.646,16.566,24.52468861
408,65.243,0.951,1.27,8.181,7.592,16.6474,24.48695139
409,65.243,0.951,2.447,8.176,7.592,16.8818,24.34358578
410,65.243,1.167,2.447,8.179,7.592,16.9256,24.31523627
411,65.243,0.899,2.447,8.17,6.65,16.6818,24.42541383
412,65.243,0.836,1.267,9.164,6.657,16.6334,24.51080497
413,65.243,0.963,1.209,8.18,7.82,16.683,24.47648036
414,65.243,0.947,1.171,8.975,6.683,16.6038,24.51815385
415,65.243,0.932,1.185,8.975,7.319,16.7308,24.46810962
416,65.243,0.932,1.181,8.975,6.729,16.612,24.51509649
417,65.243,0.918,1.15,8.17,6.729,16.442,24.57293549
418,65.243,1.092,1.16,21.35,6.612,19.0914,24.23353209
419,65.243,2.702,1.16,8.177,6.602,16.7768,24.365714
420,65.243,2.702,1.153,8.176,7.596,16.974,24.28679507
421,65.243,0.924,1.152,8.176,6.602,16.4194,24.58161845
422,65.243,1.101,1.151,8.38,7.587,16.6924,24.46953997
423,65.243,2.106,1.152,8.195,6.602,16.6596,24.43540242
424,65.243,3.266,1.169,9.479,13.52,18.5354,23.76349697
425,65.243,7.066,1.153,8.161,6.608,17.6462,23.92167438
426,65.243,1.123,1.153,8.757,7.443,16.7438,24.45219292
427,65.243,1.253,1.166,8.158,6.691,16.5022,24.53278637
428,65.243,1.543,1.166,8.198,6.695,16.569,24.4939212
429,65.243,1.543,1.166,8.238,6.747,16.5874,24.48700436
430,65.243,2.069,1.153,9.742,6.747,16.9908,24.32797307
431,65.243,0.939,1.152,9.742,6.82,16.7792,24.46454199
432,65.243,0.939,1.163,17.227,6.811,18.2766,24.21516901
433,65.243,0.814,1.163,23.168,6.741,19.4258,24.30659577
434,65.243,0.814,1.182,23.168,6.741,19.4296,24.30374166
435,65.243,2.725,1.177,8.244,6.754,16.8286,24.34350495
436,65.243,2.725,1.18,9.767,6.76,17.135,24.2425982
437,65.243,2.725,1.441,9.767,6.704,17.176,24.21327809
438,65.243,2.725,1.441,9.767,8.167,17.4686,24.09350702
439,65.243,2.725,1.183,9.767,8.167,17.417,24.12802891
440,65.243,1.006,1.186,8.249,6.667,16.4702,24.5569751
441,65.243,0.989,1.181,8.313,6.67,16.4792,24.55523014
442,65.243,0.98,1.184,8.321,6.673,16.4802,24.55522069
443,65.243,1.051,1.187,8.407,7.977,16.773,24.44097032
444,65.243,1.051,1.191,8.398,7.977,16.772,24.44107667
445,65.243,0.997,1.185,8.398,7.977,16.76,24.44879635
446,65.243,0.997,1.628,10.057,6.676,16.9202,24.39073524
447,65.243,0.997,1.182,10.057,8,17.0958,24.34276707
448,65.243,0.997,1.138,10.057,7.353,16.9576,24.39814325
449,65.243,0.997,1.135,10.057,6.719,16.8302,24.44970893
450,65.243,0.793,1.135,8.126,6.68,16.3954,24.59745797
451,65.243,1.474,1.129,20.617,6.68,19.0286,24.16336634
452,65.243,0.771,1.121,8.121,6.687,16.3886,24.60177104
453,65.243,4.488,2.14,8.137,6.735,17.3486,24.03361054
454,65.243,4.488,1.785,9.393,6.735,17.5288,23.98863041
455,65.243,4.488,1.141,8.173,7.616,17.3322,24.08679586
456,65.243,0.784,1.139,8.177,7.616,16.5918,24.52341198
457,65.243,1.551,1.134,22.856,7.616,19.68,24.10074189
458,65.243,0.788,1.148,22.856,7.616,19.5302,24.21505535
459,65.243,2.056,1.146,8.235,6.61,16.658,24.43870703
460,65.243,0.794,1.178,8.235,7.425,16.575,24.52737203
461,65.243,3.635,1.476,9.629,7.425,17.4816,24.04935518
462,65.243,3.635,1.182,8.079,6.635,16.9548,24.26201413
463,65.243,0.879,1.185,19.245,8,18.9104,24.10468751
464,65.243,0.886,2.233,19.245,6.682,18.8578,24.08051652
465,65.243,1.033,2.233,20.138,6.639,19.0572,24.06837524
466,65.243,3.047,1.187,8.077,6.639,16.8386,24.32679275
467,65.243,1.023,2.235,8.075,7.796,16.8744,24.35137436
468,65.243,5.246,2.235,8.104,6.611,17.4878,23.95591444
469,65.243,1.041,1.217,8.716,6.597,16.5628,24.52374835
470,65.243,0.891,1.396,8.716,6.597,16.5686,24.52055579
471,65.243,0.884,1.597,8.716,7.369,16.7618,24.43547436
472,65.243,2.987,1.213,8.153,6.614,16.842,24.32691584
473,65.243,0.896,1.402,8.565,14.946,18.2104,24.07515844
474,65.243,0.909,1.402,8.147,14.946,18.1294,24.10735049
475,65.243,0.922,2.428,8.162,6.646,16.6802,24.42554612
476,65.243,4.828,2.428,8.236,6.7,17.487,23.95662609
477,65.243,0.816,2.428,8.4,6.7,16.7174,24.41844702
478,65.243,0.771,1.284,8.412,6.7,16.482,24.56119814
479,65.243,0.769,2.676,10.596,6.7,17.1968,24.26073763
480,65.243,0.77,1.24,8.303,6.7,16.4512,24.57396773
481,65.243,0.771,2.443,8.313,6.65,16.684,24.43260497
482,65.243,0.772,1.385,8.323,6.65,16.4746,24.55848473
483,65.243,0.77,1.379,15.336,6.65,17.8756,24.25231374
484,65.243,1.847,1.329,8.299,14.332,18.21,23.99202294
485,65.243,0.817,1.329,8.137,6.617,16.4286,24.57471769
486,65.243,0.817,1.284,8.117,6.617,16.4156,24.58160269
487,65.243,4.117,1.288,8.117,6.617,17.0764,24.19467245
488,65.243,3.66,1.326,8.117,6.609,16.991,24.2400375
489,65.243,1.713,1.925,8.117,7.831,16.9658,24.29529767
490,65.243,1.713,1.291,8.683,6.641,16.7142,24.42918362
491,65.243,1.713,1.295,8.683,6.694,16.7256,24.42431613
492,65.243,0.774,1.299,8.844,6.694,16.5708,24.53163034
493,65.243,1.906,1.341,8.14,6.694,16.6648,24.43183009
494,65.243,1.906,1.803,8.309,6.694,16.791,24.36264931
495,65.243,0.775,1.347,8.118,6.694,16.4354,24.57300868
496,65.243,0.774,1.285,8.118,7.203,16.5246,24.54128137
497,65.243,0.774,1.339,8.827,7.203,16.6772,24.48752819
498,65.243,0.778,1.304,8.827,8.088,16.848,24.42544125
499,65.243,0.778,1.269,8.186,14.45,17.9852,24.15508516
500,65.243,0.778,1.301,8.668,14.45,18.088,24.11225804
501,65.243,0.77,1.301,8.242,6.637,16.4386,24.5755042
502,65.243,0.77,1.272,8.242,6.687,16.4428,24.57510166
503,65.243,0.77,1.257,8.2,6.687,16.4314,24.57976174
504,65.243,0.772,1.257,8.166,6.687,16.425,24.5817879
505,65.243,0.789,1.257,8.185,6.687,16.4322,24.5783475
506,65.243,0.786,1.259,8.223,6.687,16.4396,24.57593694
507,65.243,0.786,1.28,8.223,6.687,16.4438,24.57334389
508,65.243,0.818,1.26,8.187,6.687,16.439,24.57415352
509,65.243,0.826,1.26,8.167,6.687,16.4366,24.57448142
510,65.243,0.945,1.26,8.159,6.687,16.4588,24.55994478
511,65.243,0.821,1.278,8.165,6.687,16.4388,24.57302928
512,65.243,0.83,1.278,8.283,6.615,16.4498,24.56972913
513,65.243,0.952,1.278,8.283,6.615,16.4742,24.55426082
514,65.243,0.825,1.261,8.153,6.615,16.4194,24.58115517
515,65.243,0.944,1.259,8.154,6.618,16.4436,24.56603754
516,65.243,1.039,1.257,8.31,6.62,16.4938,24.54368321
517,65.243,0.929,1.257,8.159,6.658,16.4492,24.56464728
518,65.243,1.109,1.243,8.157,6.603,16.471,24.54828317
519,65.243,0.921,1.242,8.168,6.602,16.4352,24.57137964
520,65.243,1.097,1.241,8.182,6.607,16.474,24.54802123
521,65.243,0.907,1.241,8.182,6.607,16.436,24.57193062
522,65.243,1.076,1.241,8.166,6.607,16.4666,24.55173449
523,65.243,0.805,1.256,8.159,6.607,16.414,24.58454539
524,65.243,0.775,1.256,8.159,6.609,16.4084,24.58819806
525,65.243,0.773,1.243,8.165,6.672,16.4192,24.58464477
526,65.243,0.836,1.243,8.165,6.63,16.4234,24.57997877
527,65.243,0.841,1.247,8.16,6.627,16.4236,24.57942588
528,65.243,0.832,1.27,8.176,6.666,16.4374,24.57354721
529,65.243,0.958,1.249,8.179,6.661,16.458,24.56038663
530,65.243,0.958,1.244,8.16,6.661,16.4532,24.56228784
531,65.243,0.974,1.244,8.161,6.661,16.4566,24.5602023
532,65.243,0.892,1.274,8.161,6.624,16.4388,24.56980406
533,65.243,0.795,1.274,8.181,6.624,16.4234,24.58076463
534,65.243,0.79,1.308,8.457,6.624,16.4844,24.55892922
535,65.243,0.786,1.351,8.457,6.624,16.4922,24.5541319
536,65.243,0.782,1.356,8.162,6.624,16.4334,24.57361085
537,65.243,0.779,1.312,8.184,6.624,16.4284,24.57792031
538,65.243,0.784,1.312,8.184,6.624,16.4294,24.57728365
539,65.243,0.789,1.27,8.16,6.608,16.414,24.58470563
540,65.243,0.792,1.274,8.162,6.608,16.4158,24.58369724
541,65.243,0.768,1.277,8.185,6.608,16.4162,24.58483833
542,65.243,0.778,1.281,8.188,6.611,16.4202,24.58263256
543,65.243,0.78,1.248,8.188,6.612,16.4142,24.58636627
544,65.243,0.815,1.251,8.182,6.614,16.421,24.58179078
545,65.243,0.811,1.254,8.182,6.616,16.4212,24.58176893
546,65.243,0.765,1.257,8.182,6.606,16.4106,24.58804474
547,65.243,0.765,1.254,8.188,6.774,16.4448,24.57470234
548,65.243,0.766,1.257,8.184,6.605,16.411,24.58786339
549,65.243,0.765,1.295,8.192,6.605,16.42,24.58277522
550,65.243,0.765,1.261,8.16,6.603,16.4064,24.58926513
551,65.243,0.767,1.3,8.158,6.602,16.414,24.58442485
552,65.243,0.767,1.359,8.148,6.608,16.425,24.5773744
553,65.243,0.767,1.364,8.148,6.633,16.431,24.57476601
554,65.243,0.766,1.424,8.143,6.633,16.4418,24.56788466
555,65.243,0.767,1.372,8.148,6.633,16.4326,24.57378522
556,65.243,0.784,1.432,8.143,6.609,16.4422,24.56652989
557,65.243,0.784,1.432,8.142,6.611,16.4424,24.56643737
558,65.243,0.815,1.432,8.142,6.611,16.4486,24.56248836
559,65.243,0.924,1.432,8.142,6.602,16.4686,24.54937102
560,65.243,0.932,1.379,8.138,6.602,16.4588,24.55513093
561,65.243,0.91,1.317,8.138,6.602,16.442,24.56553792
562,65.243,0.845,1.267,8.138,6.613,16.4212,24.57904851
563,65.243,0.974,1.263,8.319,6.613,16.4824,24.5511013
564,65.243,0.974,1.267,8.153,6.613,16.45,24.56173321
565,65.243,0.84,1.267,8.156,6.613,16.4238,24.5784703
566,65.243,0.776,1.236,8.143,6.613,16.4022,24.59129242
567,65.243,0.768,1.234,8.143,6.649,16.4074,24.58969461
568,65.243,0.768,1.263,8.143,6.645,16.4124,24.58643588
569,65.243,0.785,1.232,8.184,6.64,16.4168,24.5857436
570,65.243,0.782,1.232,8.184,6.637,16.4156,24.58636372
571,65.243,0.779,1.212,8.158,6.684,16.4152,24.58723123
572,65.243,0.775,1.212,8.161,6.684,16.415,24.58753859
573,65.243,0.777,1.236,8.163,6.69,16.4218,24.58370829
574,65.243,0.806,1.267,8.166,6.69,16.4344,24.57598874
575,65.243,0.806,1.305,8.145,6.553,16.4104,24.58364661
576,65.243,0.773,1.311,8.357,6.554,16.4476,24.57291979
577,65.243,0.773,1.267,8.144,6.566,16.3986,24.59153736
578,65.243,0.802,1.271,8.144,6.599,16.4118,24.58472426
579,65.243,0.802,1.263,8.144,6.652,16.4208,24.58148856
580,65.243,0.769,1.259,8.287,6.725,16.4566,24.57082444
581,65.243,0.77,1.23,8.287,6.725,16.451,24.57428672
582,65.243,0.77,1.233,8.287,6.604,16.4274,24.58353949
583,65.243,0.771,1.211,8.287,6.51,16.4044,24.59366904
584,65.243,0.774,1.211,8.287,6.511,16.4052,24.5932072
585,65.243,0.774,1.228,8.287,6.513,16.409,24.59094647
586,65.243,0.774,1.228,8.216,6.514,16.395,24.59557211
587,65.243,0.798,1.228,8.216,6.514,16.3998,24.59252524
588,65.243,0.798,1.21,8.15,6.514,16.383,24.59915122
589,65.243,0.775,1.21,8.15,6.514,16.3784,24.60206714
590,65.243,0.837,1.213,8.148,6.514,16.391,24.59397764
591,65.243,0.837,1.212,8.149,6.505,16.3892,24.59475718
592,65.243,0.837,1.21,8.149,6.505,16.3888,24.59500403
593,65.243,0.778,1.21,8.18,6.505,16.3832,24.60040506
594,65.243,0.809,1.197,8.156,6.544,16.3898,24.59655623
595,65.243,0.775,1.197,8.155,6.544,16.3828,24.60093399
596,65.243,0.773,1.21,8.155,6.544,16.385,24.59958339
597,65.243,0.773,1.241,8.155,6.544,16.3912,24.59576156
598,65.243,0.772,1.213,8.155,6.516,16.3798,24.60158305
599,65.243,0.771,1.231,8.23,6.505,16.396,24.59537638
600,65.243,0.793,1.213,8.23,6.505,16.3968,24.59480409
601,65.243,0.793,1.212,8.159,6.516,16.3846,24.59877555
602,65.243,0.793,1.227,8.159,6.514,16.3872,24.59708635
603,65.243,0.783,1.206,8.159,6.514,16.381,24.60094407
604,65.243,0.787,1.204,8.159,6.514,16.3814,24.60068365
605,65.243,0.793,1.212,8.159,6.543,16.39,24.59661144
606,65.243,0.796,1.204,8.173,6.539,16.391,24.59660272
607,65.243,0.838,1.23,8.173,6.512,16.3992,24.59023978
608,65.243,0.79,1.246,8.345,6.495,16.4238,24.58431892
609,65.243,0.873,1.246,8.345,6.495,16.4404,24.57378271
610,65.243,0.785,1.246,8.16,6.466,16.38,24.59955506
611,65.243,0.862,1.206,8.16,6.468,16.3878,24.59458155
612,65.243,0.77,1.204,8.16,6.468,16.369,24.60646819
613,65.243,0.771,1.202,8.167,6.457,16.368,24.60700677
614,65.243,0.771,1.201,8.153,6.458,16.3652,24.60798329
615,65.243,0.772,1.201,8.153,6.458,16.3654,24.60785656
616,65.243,0.771,1.212,8.153,6.463,16.3684,24.60622531
617,65.243,0.786,1.231,8.153,6.462,16.375,24.60206469
618,65.243,0.773,1.231,8.153,6.459,16.3718,24.60395437
619,65.243,0.781,1.23,8.162,6.459,16.375,24.60246211
620,65.243,0.815,1.212,8.164,6.484,16.3836,24.59822605
621,65.243,0.772,1.222,8.166,6.484,16.3774,24.60230873
622,65.243,0.773,1.252,8.418,6.527,16.4426,24.57837692
623,65.243,0.773,1.256,8.169,6.481,16.3844,24.5980374
624,65.243,0.773,1.225,8.169,6.46,16.374,24.6035444
625,65.243,0.771,1.227,8.199,6.46,16.38,24.60155369
626,65.243,0.774,1.259,8.116,6.46,16.3704,24.60278147
627,65.243,0.774,1.259,8.113,6.476,16.373,24.60169468
628,65.243,0.772,1.256,8.099,6.476,16.3692,24.60325752
629,65.243,0.771,1.256,8.099,6.476,16.369,24.60338431
630,65.243,0.77,1.256,8.112,6.476,16.3714,24.60263773
631,65.243,0.77,1.229,8.139,6.476,16.3714,24.60414842
632,65.243,0.795,1.226,8.139,6.476,16.3758,24.60134923
633,65.243,0.77,1.212,8.113,6.465,16.3606,24.6088672
634,65.243,0.803,1.211,8.104,6.465,16.3652,24.60541633
635,65.243,0.896,1.209,8.104,6.465,16.3834,24.59392449
636,65.243,0.797,1.199,8.142,6.465,16.3692,24.60510803
637,65.243,0.8,1.199,8.142,6.465,16.3698,24.60472832
638,65.243,0.777,1.228,8.327,6.465,16.408,24.59180187
639,65.243,0.777,1.224,8.185,6.465,16.3788,24.60169082
640,65.243,0.781,1.223,8.185,6.465,16.3794,24.60130674
641,65.243,0.778,1.24,8.105,6.465,16.3662,24.60494532
642,65.243,0.775,1.242,8.105,6.465,16.366,24.60507959
643,65.243,0.829,1.223,8.106,6.677,16.4156,24.58357975
644,65.243,0.783,1.224,8.109,6.677,16.4072,24.58909297
645,65.243,0.78,1.225,8.11,6.677,16.407,24.58928327
646,65.243,0.78,1.222,8.223,6.677,16.429,24.58206902
647,65.243,0.773,1.228,8.223,6.677,16.4288,24.58221826
648,65.243,0.799,1.222,8.223,6.469,16.3912,24.59629743
649,65.243,0.803,1.222,8.287,6.457,16.4024,24.59252216
650,65.243,0.773,1.222,8.287,6.457,16.3964,24.59633068
651,65.243,0.773,1.222,8.287,6.457,16.3964,24.59633068
652,65.243,0.773,1.222,8.111,6.5,16.3698,24.60457853
653,65.243,0.773,1.226,8.13,6.5,16.3744,24.60281154
654,65.243,0.772,1.224,8.168,6.5,16.3814,24.60064269
655,65.243,0.805,1.224,8.288,6.5,16.412,24.58848297
656,65.243,0.805,1.224,8.288,6.5,16.412,24.58848297
657,65.243,0.805,1.224,8.226,6.5,16.3996,24.59259208
658,65.243,0.773,1.224,8.226,6.5,16.3932,24.59665343
659,65.243,0.773,1.226,8.173,6.5,16.383,24.59993552
660,65.243,0.797,1.203,8.18,6.5,16.3846,24.59926129
661,65.243,0.797,1.203,8.174,6.466,16.3766,24.60239729
662,65.243,0.788,1.198,8.237,6.466,16.3864,24.59996747
663,65.243,0.773,1.197,8.163,6.499,16.375,24.60425911
664,65.243,0.773,1.197,8.219,6.499,16.3862,24.60053088
665,65.243,0.773,1.199,8.158,6.499,16.3744,24.60434623
666,65.243,0.794,1.199,8.154,6.499,16.3778,24.60195171
667,65.243,0.794,1.199,8.36,6.499,16.419,24.58831382
668,65.243,0.773,1.198,8.36,6.499,16.4146,24.59110781
669,65.243,0.773,1.198,8.371,6.499,16.4168,24.5903876
670,65.243,0.804,1.201,8.124,6.499,16.3742,24.6024475
671,65.243,0.804,1.198,8.11,6.499,16.3708,24.60375706
672,65.243,0.781,1.207,8.111,6.499,16.3682,24.60549258
673,65.243,0.781,1.255,8.115,6.443,16.3674,24.60382326
674,65.243,0.781,1.206,8.138,6.449,16.3634,24.60782718
675,65.243,0.781,1.202,8.116,6.446,16.3576,24.61003371
676,65.243,0.781,1.199,8.116,6.494,16.3666,24.60654435
677,65.243,0.781,1.241,8.113,6.418,16.3592,24.60769579
678,65.243,0.785,1.272,8.113,6.41,16.3646,24.60403
679,65.243,0.817,1.272,8.113,6.422,16.3734,24.59900907
680,65.243,0.851,1.223,8.132,6.422,16.3742,24.59946487
681,65.243,0.851,1.194,8.132,6.419,16.3678,24.60328225
682,65.243,0.782,1.199,8.132,6.418,16.3548,24.61146443
683,65.243,0.841,1.194,8.132,6.416,16.3652,24.60478649
684,65.243,0.779,1.194,8.132,6.414,16.3524,24.61278293
685,65.243,0.781,1.196,8.132,6.438,16.358,24.61034691
686,65.243,0.782,1.196,8.132,6.438,16.3582,24.61022032
687,65.243,0.786,1.196,8.132,6.413,16.354,24.61173165
688,65.243,0.788,1.184,8.112,6.435,16.3524,24.61251994
689,65.243,0.858,1.184,8.112,6.435,16.3664,24.603681
690,65.243,0.792,1.184,8.112,6.412,16.3486,24.61386945
691,65.243,0.777,1.205,8.112,6.412,16.3498,24.61318058
692,65.243,0.776,1.207,8.112,6.411,16.3498,24.61314177
693,65.243,0.776,1.207,8.112,6.411,16.3498,24.61314177
694,65.243,0.798,1.203,8.112,6.411,16.3534,24.61085155
695,65.243,0.795,1.198,8.112,6.432,16.356,24.61015143
696,65.243,0.8,1.198,8.132,6.432,16.361,24.60818033
697,65.243,0.775,1.198,8.111,6.413,16.348,24.61428142
698,65.243,0.775,1.192,8.111,6.409,16.346,24.61534302
699,65.243,0.804,1.22,8.111,6.405,16.3566,24.60855296
700,65.243,0.804,1.192,8.111,6.401,16.3502,24.61232314
701,65.243,0.775,1.192,8.111,6.395,16.3432,24.61647397
702,65.243,0.775,1.194,8.135,6.426,16.3546,24.61212021
703,65.243,0.776,1.194,8.135,6.399,16.3494,24.61417431
704,65.243,0.785,1.194,8.135,6.373,16.346,24.6151404
705,65.243,0.788,1.194,8.135,6.367,16.3454,24.61524746
706,65.243,0.855,1.194,8.182,6.367,16.3682,24.60365691
707,65.243,0.855,1.215,8.182,6.375,16.374,24.60041735
708,65.243,0.787,1.215,8.182,6.402,16.3658,24.6068215
709,65.243,0.819,1.215,8.182,6.367,16.3652,24.60561315
710,65.243,0.776,1.215,8.182,6.367,16.3566,24.61105217
711,65.243,0.776,1.215,8.182,6.367,16.3566,24.61105217
712,65.243,0.8,1.197,8.417,6.379,16.4072,24.59381357
713,65.243,0.791,1.192,8.417,6.379,16.4044,24.59557451
714,65.243,0.811,1.192,8.417,6.367,16.406,24.59401566
715,65.243,0.811,1.192,8.417,6.377,16.408,24.5931996
716,65.243,0.776,1.192,8.417,6.377,16.401,24.59764258
717,65.243,0.797,1.192,8.417,6.377,16.4052,24.59497593
718,65.243,0.814,1.192,8.142,6.377,16.3536,24.61093106
719,65.243,0.814,1.195,8.106,6.406,16.3528,24.6106213
720,65.243,0.814,1.195,8.125,6.406,16.3566,24.60934909
721,65.243,0.814,1.18,8.125,6.406,16.3536,24.61119803
722,65.243,0.814,1.18,8.107,6.367,16.3422,24.61555881
723,65.243,0.814,1.174,8.128,6.367,16.3452,24.61489459
724,65.243,0.814,1.2,8.128,6.368,16.3506,24.61161048
725,65.243,0.814,1.167,8.132,6.383,16.3478,24.61419437
726,65.243,0.776,1.157,8.132,6.372,16.336,24.62111777
727,65.243,0.805,1.156,8.132,6.372,16.3416,24.61757813
728,65.243,0.805,1.181,8.109,6.372,16.342,24.6160325
729,65.243,0.805,1.181,8.12,6.368,16.3434,24.61562122
730,65.243,0.781,1.168,8.122,6.368,16.3364,24.6201207
731,65.243,0.783,1.156,8.154,6.368,16.3408,24.61921563
732,65.243,0.844,1.156,8.11,6.368,16.3442,24.6144546
733,65.243,0.784,1.154,8.11,6.381,16.3344,24.62121673
734,65.243,0.849,1.155,8.11,6.381,16.3476,24.61289502
735,65.243,0.781,1.155,8.11,6.364,16.3306,24.62284772
736,65.243,0.781,1.154,8.11,6.365,16.3306,24.62289004
737,65.243,0.81,1.156,8.11,6.363,16.3364,24.61914511
738,65.243,0.783,1.156,8.11,6.329,16.3242,24.62530928
739,65.243,0.778,1.155,8.12,6.331,16.3254,24.62523459
740,65.243,0.778,1.141,8.123,6.334,16.3238,24.62651687
741,65.243,0.78,1.141,8.12,6.316,16.32,24.62792556
742,65.243,0.78,1.141,8.12,6.315,16.3198,24.6280068
743,65.243,0.78,1.146,8.159,6.427,16.351,24.61572818
744,65.243,0.78,1.139,8.106,6.315,16.3166,24.62918615
745,65.243,0.775,1.139,8.106,6.327,16.318,24.62884301
746,65.243,0.775,1.14,8.105,6.327,16.318,24.62878644
747,65.243,0.775,1.153,8.11,6.315,16.3192,24.62782558
748,65.243,0.775,1.141,8.11,6.325,16.3188,24.62849209
749,65.243,0.775,1.139,8.112,6.404,16.3346,24.62221342
750,65.243,0.776,1.14,8.139,6.323,16.3242,24.62672104
751,65.243,0.777,1.14,8.113,6.323,16.3192,24.62832529
752,65.243,0.777,1.139,8.113,6.323,16.319,24.62844856
753,65.243,0.777,1.138,8.124,6.321,16.3206,24.62800161
754,65.243,0.777,1.137,8.124,6.321,16.3204,24.62812491
755,65.243,0.777,1.136,8.124,6.321,16.3202,24.62824822
756,65.243,0.777,1.136,8.124,6.321,16.3202,24.62824822
757,65.243,0.777,1.136,8.124,6.321,16.3202,24.62824822
758,65.243,0.777,1.136,8.124,6.326,16.3212,24.62784229
759,65.243,0.777,1.136,8.124,6.324,16.3208,24.62800464
760,65.243,0.776,1.137,8.124,6.321,16.3202,24.62825114
761,65.243,0.776,1.137,8.124,6.321,16.3202,24.62825114
762,65.243,0.776,1.135,8.124,6.321,16.3198,24.62849775
763,65.243,0.777,1.135,8.124,6.326,16.321,24.62796561
764,65.243,0.778,1.135,8.124,6.323,16.3206,24.62808292
765,65.243,0.78,1.135,8.124,6.321,16.3206,24.62799289
766,65.243,0.779,1.135,8.124,6.318,16.3198,24.62836273
767,65.243,0.779,1.135,8.124,6.318,16.3198,24.62836273
768,65.243,0.779,1.136,8.124,6.318,16.32,24.62823943
769,65.243,0.779,1.136,8.124,6.316,16.3196,24.62840189
770,65.243,0.779,1.134,8.124,6.314,16.3188,24.62881098
771,65.243,0.779,1.134,8.124,6.315,16.319,24.62872974
772,65.243,0.775,1.134,8.124,6.315,16.3182,24.62923456
773,65.243,0.776,1.134,8.124,6.316,16.3186,24.62902712
774,65.243,0.775,1.134,8.1,6.315,16.3134,24.63083335
775,65.243,0.775,1.134,8.099,6.315,16.3132,24.63090004
776,65.243,0.775,1.133,8.099,6.318,16.3136,24.63077978
777,65.243,0.775,1.133,8.099,6.318,16.3136,24.63077978
778,65.243,0.775,1.133,8.099,6.318,16.3136,24.63077978
779,65.243,0.776,1.133,8.099,6.318,16.3138,24.63065361
780,65.243,0.777,1.133,8.1,6.318,16.3142,24.63046075
781,65.243,0.778,1.133,8.1,6.319,16.3146,24.63025342
782,65.243,0.777,1.133,8.1,6.319,16.3144,24.63037958
783,65.243,0.777,1.132,8.1,6.319,16.3142,24.63050286
784,65.243,0.777,1.132,8.1,6.319,16.3142,24.63050286
785,65.243,0.778,1.132,8.1,6.319,16.3144,24.6303767
786,65.243,0.78,1.132,8.1,6.319,16.3148,24.6301244
787,65.243,0.78,1.132,8.1,6.319,16.3148,24.6301244
788,65.243,0.78,1.132,8.1,6.319,16.3148,24.6301244
789,65.243,0.78,1.131,8.1,6.319,16.3146,24.63024769
790,65.243,0.78,1.131,8.1,6.319,16.3146,24.63024769
791,65.243,0.78,1.131,8.1,6.319,16.3146,24.63024769
792,65.243,0.78,1.13,8.1,6.319,16.3144,24.63037098
793,65.243,0.78,1.129,8.1,6.319,16.3142,24.63049428
794,65.243,0.78,1.129,8.1,6.319,16.3142,24.63049428
795,65.243,0.78,1.13,8.1,6.319,16.3144,24.63037098
796,65.243,0.78,1.13,8.101,6.319,16.3146,24.63030428
797,65.243,0.78,1.13,8.101,6.319,16.3146,24.63030428
798,65.243,0.78,1.128,8.101,6.319,16.3142,24.63055089
799,65.243,0.78,1.127,8.102,6.319,16.3142,24.63060752
800,65.243,0.78,1.127,8.102,6.319,16.3142,24.63060752
801,65.243,0.78,1.127,8.102,6.319,16.3142,24.63060752
802,65.243,0.78,1.128,8.102,6.32,16.3146,24.63040305
803,65.243,0.78,1.128,8.116,6.318,16.317,24.62963243
804,65.243,0.78,1.128,8.117,6.318,16.3172,24.62956584
805,65.243,0.78,1.129,8.118,6.317,16.3174,24.62945712
806,65.243,0.775,1.129,8.118,6.316,16.3162,24.63016924
807,65.243,0.775,1.129,8.118,6.316,16.3162,24.63016924
808,65.243,0.775,1.129,8.116,6.316,16.3158,24.63030239
809,65.243,0.775,1.129,8.124,6.313,16.3168,24.6300136
810,65.243,0.775,1.129,8.124,6.313,16.3168,24.6300136
811,65.243,0.775,1.129,8.124,6.313,16.3168,24.6300136
812,65.243,0.775,1.126,8.124,6.312,16.316,24.63046484
813,65.243,0.775,1.126,8.128,6.312,16.3168,24.63019881
814,65.243,0.775,1.126,8.119,6.311,16.3148,24.63087874
815,65.243,0.775,1.126,8.121,6.311,16.3152,24.63074565
816,65.243,0.775,1.126,8.122,6.31,16.3152,24.63076036
817,65.243,0.775,1.126,8.124,6.31,16.3156,24.63062731
818,65.243,0.775,1.126,8.124,6.31,16.3156,24.63062731
819,65.243,0.775,1.126,8.126,6.31,16.316,24.63049429
820,65.243,0.775,1.125,8.126,6.31,16.3158,24.63061764
821,65.243,0.776,1.125,8.128,6.31,16.3164,24.63035846
822,65.243,0.776,1.125,8.131,6.31,16.317,24.63015902
823,65.243,0.776,1.125,8.131,6.31,16.317,24.63015902
824,65.243,0.776,1.125,8.133,6.31,16.3174,24.63002609
825,65.243,0.776,1.125,8.136,6.31,16.318,24.62982674
826,65.243,0.776,1.125,8.136,6.31,16.318,24.62982674
827,65.243,0.776,1.125,8.136,6.31,16.318,24.62982674
828,65.243,0.776,1.125,8.136,6.31,16.318,24.62982674
829,65.243,0.778,1.13,8.136,6.31,16.3194,24.62895754
830,65.243,0.778,1.13,8.136,6.31,16.3194,24.62895754
831,65.243,0.778,1.13,8.136,6.31,16.3194,24.62895754
832,65.243,0.778,1.13,8.136,6.31,16.3194,24.62895754
833,65.243,0.778,1.13,8.136,6.31,16.3194,24.62895754
834,65.243,0.778,1.13,8.136,6.31,16.3194,24.62895754
835,65.243,0.778,1.13,8.136,6.31,16.3194,24.62895754
836,65.243,0.778,1.129,8.136,6.31,16.3192,24.62908089
837,65.243,0.778,1.127,8.127,6.31,16.317,24.62992589
838,65.243,0.776,1.127,8.127,6.31,16.3166,24.63017826
839,65.243,0.776,1.127,8.127,6.31,16.3166,24.63017826
840,65.243,0.776,1.127,8.127,6.31,16.3166,24.63017826
841,65.243,0.776,1.127,8.127,6.31,16.3166,24.63017826
842,65.243,0.776,1.127,8.118,6.31,16.3148,24.63077702
843,65.243,0.776,1.127,8.118,6.311,16.315,24.63069578
844,65.243,0.776,1.127,8.118,6.311,16.315,24.63069578
845,65.243,0.776,1.127,8.118,6.311,16.315,24.63069578
846,65.243,0.776,1.127,8.118,6.311,16.315,24.63069578
847,65.243,0.776,1.127,8.118,6.311,16.315,24.63069578
848,65.243,0.776,1.127,8.118,6.311,16.315,24.63069578
849,65.243,0.776,1.127,8.111,6.311,16.3136,24.63116185
850,65.243,0.776,1.127,8.111,6.311,16.3136,24.63116185
851,65.243,0.776,1.127,8.111,6.311,16.3136,24.63116185
852,65.243,0.776,1.127,8.111,6.316,16.3146,24.63075584
853,65.243,0.78,1.127,8.111,6.316,16.3154,24.63025119
854,65.243,0.78,1.127,8.111,6.316,16.3154,24.63025119
855,65.243,0.78,1.127,8.111,6.306,16.3134,24.63106347
856,65.243,0.78,1.124,8.111,6.306,16.3128,24.63143342
857,65.243,0.78,1.124,8.111,6.306,16.3128,24.63143342
858,65.243,0.78,1.124,8.111,6.306,16.3128,24.63143342
859,65.243,0.78,1.124,8.111,6.306,16.3128,24.63143342
860,65.243,0.78,1.125,8.111,6.306,16.313,24.6313101
861,65.243,0.78,1.125,8.111,6.306,16.313,24.6313101
862,65.243,0.775,1.125,8.111,6.306,16.312,24.63194079
863,65.243,0.775,1.125,8.111,6.306,16.312,24.63194079
864,65.243,0.775,1.125,8.111,6.306,16.312,24.63194079
865,65.243,0.775,1.125,8.111,6.306,16.312,24.63194079
866,65.243,0.775,1.125,8.111,6.306,16.312,24.63194079
867,65.243,0.775,1.125,8.111,6.306,16.312,24.63194079
868,65.243,0.775,1.125,8.111,6.306,16.312,24.63194079
869,65.243,0.775,1.125,8.111,6.306,16.312,24.63194079
870,65.243,0.775,1.125,8.111,6.306,16.312,24.63194079
871,65.243,0.775,1.124,8.111,6.306,16.3118,24.63206411
872,65.243,0.775,1.126,8.111,6.306,16.3122,24.63181748
873,65.243,0.778,1.126,8.111,6.306,16.3128,24.63143904
874,65.243,0.778,1.123,8.111,6.306,16.3122,24.63180901
875,65.243,0.778,1.123,8.111,6.307,16.3124,24.63172776
876,65.243,0.778,1.123,8.111,6.307,16.3124,24.63172776
877,65.243,0.778,1.123,8.111,6.307,16.3124,24.63172776
878,65.243,0.778,1.123,8.111,6.308,16.3126,24.63164653
879,65.243,0.778,1.123,8.111,6.301,16.3112,24.63221532
880,65.243,0.778,1.123,8.111,6.301,16.3112,24.63221532
881,65.243,0.778,1.123,8.111,6.301,16.3112,24.63221532
882,65.243,0.777,1.123,8.111,6.301,16.311,24.63234144
883,65.243,0.778,1.123,8.111,6.301,16.3112,24.63221532
884,65.243,0.78,1.123,8.111,6.302,16.3118,24.63188181
885,65.243,0.78,1.123,8.111,6.302,16.3118,24.63188181
886,65.243,0.78,1.123,8.111,6.302,16.3118,24.63188181
887,65.243,0.779,1.123,8.111,6.302,16.3116,24.63200792
888,65.243,0.779,1.123,8.111,6.302,16.3116,24.63200792
889,65.243,0.779,1.123,8.111,6.302,16.3116,24.63200792
890,65.243,0.779,1.123,8.111,6.302,16.3116,24.63200792
891,65.243,0.779,1.122,8.111,6.302,16.3114,24.63213125
892,65.243,0.779,1.121,8.104,6.302,16.3098,24.6327208
893,65.243,0.779,1.121,8.104,6.301,16.3096,24.63280206
894,65.243,0.779,1.121,8.104,6.301,16.3096,24.63280206
895,65.243,0.779,1.121,8.105,6.301,16.3098,24.63273544
896,65.243,0.779,1.122,8.105,6.302,16.3102,24.63253086
897,65.243,0.779,1.122,8.105,6.302,16.3102,24.63253086
898,65.243,0.779,1.122,8.105,6.302,16.3102,24.63253086
899,65.243,0.779,1.122,8.105,6.302,16.3102,24.63253086
900,65.243,0.776,1.122,8.105,6.302,16.3096,24.6329092
901,65.243,0.776,1.122,8.105,6.302,16.3096,24.6329092
902,65.243,0.776,1.122,8.105,6.302,16.3096,24.6329092
903,65.243,0.776,1.122,8.105,6.302,16.3096,24.6329092
904,65.243,0.776,1.123,8.105,6.302,16.3098,24.63278589
905,65.243,0.776,1.123,8.105,6.302,16.3098,24.63278589
906,65.243,0.776,1.123,8.105,6.303,16.31,24.63270463
907,65.243,0.776,1.123,8.105,6.304,16.3102,24.63262339
908,65.243,0.776,1.123,8.105,6.304,16.3102,24.63262339
909,65.243,0.776,1.124,8.105,6.304,16.3104,24.63250008
910,65.243,0.776,1.125,8.105,6.304,16.3106,24.63237678
911,65.243,0.776,1.125,8.105,6.304,16.3106,24.63237678
912,65.243,0.776,1.125,8.105,6.304,16.3106,24.63237678
913,65.243,0.776,1.126,8.105,6.304,16.3108,24.63225349
914,65.243,0.776,1.126,8.105,6.309,16.3118,24.63184732
915,65.243,0.776,1.126,8.105,6.309,16.3118,24.63184732
916,65.243,0.776,1.125,8.105,6.309,16.3116,24.63197062
917,65.243,0.776,1.126,8.105,6.309,16.3118,24.63184732
918,65.243,0.776,1.127,8.105,6.309,16.312,24.63172402
919,65.243,0.776,1.127,8.105,6.309,16.312,24.63172402
920,65.243,0.776,1.126,8.105,6.309,16.3118,24.63184732
921,65.243,0.776,1.126,8.105,6.309,16.3118,24.63184732
922,65.243,0.776,1.126,8.105,6.309,16.3118,24.63184732
923,65.243,0.776,1.126,8.105,6.309,16.3118,24.63184732
924,65.243,0.776,1.126,8.105,6.309,16.3118,24.63184732
925,65.243,0.776,1.126,8.105,6.309,16.3118,24.63184732
926,65.243,0.782,1.126,8.105,6.309,16.313,24.63109056
927,65.243,0.782,1.123,8.105,6.309,16.3124,24.63146053
928,65.243,0.782,1.123,8.105,6.309,16.3124,24.63146053
929,65.243,0.782,1.123,8.105,6.309,16.3124,24.63146053
930,65.243,0.782,1.123,8.105,6.309,16.3124,24.63146053
931,65.243,0.782,1.123,8.105,6.309,16.3124,24.63146053
932,65.243,0.782,1.123,8.105,6.309,16.3124,24.63146053
933,65.243,0.782,1.123,8.105,6.309,16.3124,24.63146053
934,65.243,0.782,1.123,8.105,6.309,16.3124,24.63146053
935,65.243,0.782,1.12,8.105,6.309,16.3118,24.63183056
936,65.243,0.782,1.12,8.105,6.309,16.3118,24.63183056
937,65.243,0.782,1.12,8.105,6.309,16.3118,24.63183056
938,65.243,0.782,1.12,8.11,6.309,16.3128,24.63149746
939,65.243,0.776,1.12,8.11,6.309,16.3116,24.63225419
940,65.243,0.776,1.12,8.11,6.309,16.3116,24.63225419
941,65.243,0.776,1.121,8.11,6.309,16.3118,24.63213085
942,65.243,0.776,1.122,8.11,6.309,16.312,24.63200751
943,65.243,0.776,1.122,8.11,6.309,16.312,24.63200751
944,65.243,0.776,1.122,8.11,6.309,16.312,24.63200751
945,65.243,0.776,1.122,8.11,6.309,16.312,24.63200751
946,65.243,0.776,1.122,8.11,6.309,16.312,24.63200751
947,65.243,0.776,1.122,8.11,6.309,16.312,24.63200751
948,65.243,0.776,1.122,8.11,6.309,16.312,24.63200751
949,65.243,0.776,1.122,8.11,6.309,16.312,24.63200751
950,65.243,0.776,1.122,8.11,6.309,16.312,24.63200751
951,65.243,0.776,1.125,8.11,6.309,16.3126,24.63163753
952,65.243,0.776,1.125,8.11,6.309,16.3126,24.63163753
953,65.243,0.776,1.123,8.11,6.309,16.3122,24.63188418
954,65.243,0.776,1.123,8.11,6.309,16.3122,24.63188418
955,65.243,0.776,1.123,8.11,6.309,16.3122,24.63188418
956,65.243,0.776,1.123,8.11,6.309,16.3122,24.63188418
957,65.243,0.776,1.123,8.11,6.309,16.3122,24.63188418
958,65.243,0.776,1.123,8.11,6.309,16.3122,24.63188418
959,65.243,0.776,1.123,8.11,6.309,16.3122,24.63188418
960,65.243,0.776,1.123,8.11,6.309,16.3122,24.63188418
961,65.243,0.776,1.123,8.11,6.309,16.3122,24.63188418
962,65.243,0.776,1.123,8.11,6.309,16.3122,24.63188418
963,65.243,0.776,1.123,8.11,6.309,16.3122,24.63188418
964,65.243,0.776,1.123,8.11,6.309,16.3122,24.63188418
965,65.243,0.776,1.123,8.11,6.309,16.3122,24.63188418
966,65.243,0.775,1.123,8.11,6.309,16.312,24.63201033
967,65.243,0.776,1.123,8.11,6.309,16.3122,24.63188418
968,65.243,0.775,1.123,8.11,6.309,16.312,24.63201033
969,65.243,0.774,1.123,8.11,6.309,16.3118,24.63213648
970,65.243,0.774,1.123,8.11,6.302,16.3104,24.63270516
971,65.243,0.774,1.123,8.11,6.303,16.3106,24.6326239
972,65.243,0.774,1.123,8.11,6.303,16.3106,24.6326239
973,65.243,0.775,1.123,8.11,6.303,16.3108,24.63249776
974,65.243,0.775,1.123,8.11,6.303,16.3108,24.63249776
975,65.243,0.775,1.123,8.11,6.303,16.3108,24.63249776
976,65.243,0.775,1.123,8.115,6.303,16.3118,24.63216491
977,65.243,0.774,1.123,8.115,6.303,16.3116,24.63229106
978,65.243,0.774,1.123,8.115,6.303,16.3116,24.63229106
979,65.243,0.774,1.123,8.115,6.303,16.3116,24.63229106
980,65.243,0.774,1.12,8.115,6.303,16.311,24.63266106
981,65.243,0.774,1.12,8.115,6.303,16.311,24.63266106
982,65.243,0.774,1.12,8.115,6.303,16.311,24.63266106
983,65.243,0.774,1.12,8.115,6.303,16.311,24.63266106
984,65.243,0.774,1.12,8.115,6.303,16.311,24.63266106
985,65.243,0.774,1.118,8.115,6.303,16.3106,24.63290775
986,65.243,0.774,1.117,8.115,6.303,16.3104,24.63303111
987,65.243,0.774,1.116,8.107,6.303,16.3086,24.63368697
988,65.243,0.774,1.116,8.106,6.303,16.3084,24.63375356
989,65.243,0.774,1.117,8.106,6.303,16.3086,24.63363022
990,65.243,0.775,1.117,8.106,6.303,16.3088,24.6335041
991,65.243,0.775,1.117,8.106,6.303,16.3088,24.6335041
992,65.243,0.774,1.116,8.106,6.303,16.3084,24.63375356
993,65.243,0.774,1.115,8.106,6.303,16.3082,24.63387691
994,65.243,0.774,1.115,8.106,6.303,16.3082,24.63387691
995,65.243,0.774,1.117,8.106,6.303,16.3086,24.63363022
996,65.243,0.774,1.117,8.106,6.303,16.3086,24.63363022
997,65.243,0.774,1.114,8.106,6.303,16.308,24.63400027
998,65.243,0.774,1.114,8.106,6.303,16.308,24.63400027
999,65.243,0.774,1.113,8.106,6.303,16.3078,24.63412363
